{
  "model_name": "xgboost_strict_active",
  "filtering": "min_200_tx_and_4_categories",
  "original_samples": 6443429,
  "filtered_samples": 6430212,
  "reduction_rate": "0.2%",
  "performance": {
    "accuracy": 0.45903053008336425,
    "macro_f1": 0.4490824179641239,
    "weighted_f1": 0.46123816978608945,
    "life_category_f1": 0.2539841995841996
  },
  "comparison": {
    "vs_baseline_acc": 3.053008336423302e-05,
    "vs_quality_filter_acc": -0.02096946991663573,
    "vs_refer_acc": -0.17186946991663576
  },
  "training_time": 49.648139,
  "created_at": "2025-12-03T13:06:37.509381"
}